"userID","Name","Age"
1,"Tristan, Salmon",42
2,"Carl, Nguyen",17
3,"Laron, Mcknight",42
4,"Sulama, al-Haq",32
5,"Christopher, Muniz",33
6,"Wadee'a, el-Munir",43
7,"Rachael, Cole",32
8,"Nusaiba, al-Aman",39
9,"Brooks, Fischer",32
10,"Timothy, Humphries",15
11,"Tyra, Dick",33
12,"Anabel, Gonzales",45
13,"Kaitlin, Chavez IV",44
14,"Rollando, Widaa",18
15,"Niavis, Cloud",24
16,"Ashqar, al-Abed",33
17,"Layaali, el-Rahim",20
18,"Cheng, Feltz",35
19,"Labon, Charles",18
20,"Navar, Hand",22
21,"Olivet, Traversie",34
22,"Katherine, Johnson",30
23,"Shashwat, Bultema",21
24,"Samuel, Dominguez",15
25,"Trevon, Askins",30
26,"Mark, Tran",16
27,"Jordyn, Engelhart",22
28,"Kelsey, Fischbeck",27
29,"Francesco, Hill",17
30,"Tiunna, Teshome",30
31,"Paul, Imphitak",27
32,"Jasmine, Keeler",26
33,"Alexis, Garcia",19
34,"Jennifer, Pineda Marroquin",18
35,"Stephanie, Sandoval",39
36,"Thomas, Hickey",30
37,"Caleb, Rome",41
38,"Raziel, Devora",33
39,"Mateo, Rico",26
40,"Brittanie, Kennedy",44
41,"Taylor, Reekers",30
42,"Nancy, Ngo",15
43,"Eileen, O'Reilly",34
44,"Gerardo, Martinez",39
45,"Mashal, el-Muhammed",31
46,"Nicholas, Strader",30
47,"Nathanial, Williams",20
48,"Solomea, Gayle",19
49,"Riyaal, el-Mourad",16
50,"Chuong, Sengdara",21
51,"Heidi, Castillo",45
52,"Martin, Gilbert",41
53,"Justin, Riley",28
54,"Jacob, Erickson",41
55,"Abyad, al-Abood",39
56,"Michileen, Figgers",29
57,"Elizabeth, Putzier",30
58,"Richard, Unruh",44
59,"Katie, Chang",21
60,"Robert, Fernandez",42
61,"She'Quan, Lewis",18
62,"Anne, Bloemsma",18
63,"Sajaa, el-Noorani",24
64,"Christopher, Mcminn",24
65,"Marshall, Zaugg",15
66,"Cheyenne, Morris",39
67,"Tristen, Douglas",28
68,"Jaquay, Clayton",43
69,"Kai, Deboer",18
70,"Daniel, Vue",22
71,"Aleena, Garner",25
72,"Man, Duong",20
73,"Lance, An",31
74,"Sean, Staton",26
75,"Abdur Raqeeb, el-Beshara",37
76,"Dlisa, Ward",43
77,"Marinna, Haring",15
78,"Muaaid, al-Muhammed",17
79,"Rashawnya, Howlingwolf",20
80,"Emily, Street",38
81,"Keya, Young",42
82,"Kiana, Warren",16
83,"Arjun, Gopalan",22
84,"Kadajah, Moore",45
85,"Karina, Ramirez-Soto",16
86,"Deanna, Herrera",28
87,"Randy, Madden-Vaughn",34
88,"Austin, Olivas-Valdez",31
89,"Savannah, Silevani",20
90,"Fawwaaz, el-Dar",18
91,"Muneefa, el-Salih",38
92,"Brittany, Tubbs",21
93,"Gary, Marquez",40
94,"Maya, Connally",45
95,"Sakeena, al-Saba",43
96,"Raymond, Gonzalez",40
97,"Zachary, Yates",32
98,"Courtney, Tafoya",35
99,"Ryan, Herrmann",32
100,"Anthony, Lepe",34
101,"Michael, Chamberlain",30
102,"Jessalyn, Evangelista",38
103,"Sabrina, Navakuku",15
104,"Jawhar, al-Jaffer",20
105,"Janice, Barricklow",22
106,"Xin Ni, Sale",17
107,"Quyen, Moua",20
108,"Jonathan, Duarte",41
109,"Gabe, Lipps",36
110,"Rif'a, al-Musa",30
111,"Nicole, Powell",16
112,"Amanda, Montelongo Declay",28
113,"Alexis, Jones",41
114,"Lonnie, Peters",20
115,"Adham, el-Siddique",37
116,"Cydney, Ellis",35
117,"Domonek, Mercado",15
118,"Taraneka, Martinez-Dockery",36
119,"Uthmaa N, al-Darwish",18
120,"Ashley, Antkers",41
121,"Phillip, Li",25
122,"Maisara, el-Shad",29
123,"Hunter, Navarro",44
124,"Kevin, Battumur",44
125,"Rifat, al-Emami",16
126,"Michelle, Kane",34
127,"Kristen, Ponce",34
128,"Fidal, Sorrell",15
129,"Terran, Smith",24
130,"Garrett, Tecklenburg",26
131,"Alyssa, Talley",20
132,"Daniel, Goodteacher",39
133,"Destiny, Sailas",28
134,"Jenny, Tsend Ayush",15
135,"Feven, Martin",32
136,"Shawde, Foreman",21
137,"Wasmaaa, al-Noor",25
138,"Ali, Ayyanar",36
139,"Aundrea, Lindell",21
140,"Hector, Lozano",43
141,"Luna, Samoy",28
142,"Joselyn, Zuniga-Saucedo",41
143,"Natasha, Powell-Diaz",32
144,"Shea, Gilsdorf",43
145,"Sydney, Herrin",19
146,"Melissa, Luevanos",36
147,"Fikra, el-Shaheen",40
148,"Nathan, Kresyman",28
149,"Jo, Fuentes",26
150,"Jessica, Martin",22
151,"Dennis, Valdez Perez",21
152,"Alizae, Drolshagen",36
153,"Jesse, Wade",18
154,"Megan, Petering",15
155,"Eshu, Reed-Bankston",16
156,"Eugene, Cruz Valdez",15
157,"Ian, Price",19
158,"Aaron, Magers",25
159,"Edgar, Cordova",22
160,"Jorge, Hermosillo",23
161,"Kaleem, al-Galla",30
162,"Maajida, el-Dia",27
163,"Angelique, Washington",31
164,"Tharwa, el-Bari",28
165,"Liban, Scaife",25
166,"Kristina, Ramirez",31
167,"Tyler, Carruthers",40
168,"Noori, al-Mohammed",24
169,"Julieta, Lo'Pez",32
170,"Chakong, Le",28
171,"Shaheera, el-Karimi",26
172,"Cassidy, Kaplan",23
173,"Alejandra, Ochoa Alvidrez",18
174,"Vanessa, Bell",39
175,"Warren, Jefferson",31
176,"Fat'hi, el-Burki",41
177,"David, Leong",42
178,"Annmarie, Curro",25
179,"Devyn, King",41
180,"Alyxandra, Parkison",18
181,"Reiana, Pinto",23
182,"Erik, Rodgers",32
183,"Andrew, Corral",31
184,"Tai, Nauth",26
185,"Ernesto, Lopez",23
186,"Anay, Tolliver",30
187,"Mariah, Banks-Hill",44
188,"Rowan, Smith",42
189,"Keefe, Delgado",42
190,"Tricia, Lilla",42
191,"Naafoora, al-Salik",27
192,"Joseph, Srinivasan",21
193,"James, Schonscheck",36
194,"Emily, Rowland",17
195,"Autumn, Dalrymple",37
196,"Zane, Hess",41
197,"Timothy, Elfvin",26
198,"Emily Olivia, Dang",38
199,"Ty, Cackler",34
200,"Brittany, Schubert",30
201,"Jessica, Fejeran",15
202,"Mayra, Masell",25
203,"Aasima, al-Reza",15
204,"Joseph, Riches",39
205,"Melody, Liu",34
206,"Amy, Dasan",19
207,"Hela, Zhou",30
208,"Nawfal, al-Jabbar",17
209,"Hishma, al-Sham",29
210,"Brenda, Sanchez",39
211,"Michala, Mecham",22
212,"Jaydan, Tracy",43
213,"Dominic, Shannon",31
214,"Jeelaan, al-Pasha",36
215,"Katrina, Yazzie",19
216,"Rasheeqa, el-Irani",44
217,"Laura, Ortega",23
218,"Joseph, White",24
219,"Azeeza, al-Mansoor",27
220,"Devante, Miller",39
221,"Kira, Teferi",19
222,"Huraira, al-Suleiman",15
223,"Joshua, Pamintuan",34
224,"Jordan, Thompson",26
225,"Kylee, Palma-Valle",34
226,"Yin Lin, Sharza",45
227,"Jakeeh, Kayanja",27
228,"Evan, Teuton",44
229,"Kristin, Tafoya",16
230,"Jake, Vogltanz",24
231,"Trae, Anderson",44
232,"Brittany, Valdez",19
233,"Reshae, Warren",17
234,"Lael, Thompson",19
235,"Nhi, Vann",27
236,"Christine, Strascina-Dower",27
237,"Zahra, el-Ramin",29
238,"Tahaani, el-Shakir",20
239,"Alicia, Logan",15
240,"Rosalio, Vigil",24
241,"Ryoga, Sem",37
242,"Yixin, Utu",32
243,"David, Coltrain",39
244,"Lezbeth, Pinela",25
245,"Benjamin, Elizondo",34
246,"Cornell, Ruffin",32
247,"Kai, Halaseh",29
248,"Talaya, Ferrell Sturlaugson",40
249,"Tranasia, Phelps",21
250,"Intisaar, al-Wahab",17
251,"Clarence, Hill",38
252,"Mawhiba, al-Abdelnour",43
253,"Shannon, Winstanley",33
254,"Aziel, Lugo III",19
255,"Nizaar, al-Sultan",29
256,"Keith, Barnes",33
257,"Austin, Caldwell",36
258,"Garry, Cureton",21
259,"Nashelle, Lowe",42
260,"Izzat, al-Sadri",30
261,"Aleya, Varner",19
262,"Natayvia, Onuoha Onyekuru",38
263,"Khairiya, el-Shehata",30
264,"Jacob, Grimes",38
265,"Makeda, Saulsberry",33
266,"Glenn, Hampton",24
267,"Khulood, al-Sharaf",15
268,"Eric, Truong",34
269,"Cruise, Haynes",18
270,"John, Jorgenson Johnson",41
271,"William, Apparasu",45
272,"Adam, Daughtry",34
273,"Michael, Cai",23
274,"Sidney, Collins",19
275,"Michael, Roy",21
276,"Asha, Mitchell",35
277,"Ramalaan, el-Yousuf",15
278,"Faisal, al-Abdou",34
279,"Marquis, Brown",16
280,"Kyle, Augelli",25
281,"Sierra, Geist",15
282,"Sarah, Matsushima",27
283,"Joshua, Gutierrez",45
284,"Azim, Dever",24
285,"Collin, Wall",32
286,"Marceen, Goddard",18
287,"Baylee, Schmalz",18
288,"Carissa, Glover",40
289,"Jawaun, Olivas",16
290,"Angelique, Subramanian",30
291,"Saadiq, el-Rauf",42
292,"Max, Marks",30
293,"Mukarram, al-Ben",22
294,"Nathaniel, Ruiz",43
295,"Kevin, Blackman",36
296,"Nicole, Steadman",17
297,"Mackenzie, Clark",34
298,"Layla, Ahasteen",32
299,"Jeremy, Descheny",25
300,"Hema, Steele",31
301,"Jawhara, el-Ozer",30
302,"Umaira, el-Ahmad",16
303,"Aamir, al-Hashim",22
304,"Karen, Cazares-Sanchez",19
305,"Hilaal, al-Sinai",26
306,"Jawaad, el-Kaleel",41
307,"Inaaya, al-Yousuf",45
308,"Justin, Banc",29
309,"Ismad, al-Hossain",37
310,"Victor, Moreno Mosqueda",16
311,"Shayla, Brockway",29
312,"Elliot, Cullom",19
313,"Tahiyya, al-Ghaffari",23
314,"Shawn, Crowley",29
315,"Ji, Chong",21
316,"Shakoora, al-Atallah",23
317,"Alycia, Vessa",38
318,"Shawnia, Watchman",23
319,"Hayden, Hamby",25
320,"Ismael, Williams",24
321,"Moosha, al-Gaber",31
322,"Tia, Verville",24
323,"Ruben, Ruvalcaba",29
324,"Da'Quan, Amory",21
325,"Ashley, Cheek",42
326,"Geoffrey, Chapman",31
327,"Decarlo, Myers",26
328,"Hanna, Moran",19
329,"Taahir, al-Jalil",17
330,"Haazima, el-Hakim",32
331,"Haniyya, al-Saadeh",28
332,"Krista, Martin",43
333,"Tristan, Lefevre",21
334,"Tao, Repnitskiy",27
335,"Brandon, Bock",45
336,"Steven, Carabajal III",17
337,"Ginger, D Agostino",16
338,"Ethan, Fears",39
339,"Sahl, al-Hammoud",25
340,"William, Cox",24
341,"Brannon, Zheng",39
342,"Rayyana, al-Ahsan",30
343,"Shaylene, Salazar",39
344,"Manuel, Aragonez",38
345,"Latoya, Ross",34
346,"Abdul Hameed, el-Rahaman",41
347,"Adeeb, el-Kazemi",40
348,"Cameron, Steinbach",17
349,"Ajanay, Strover",18
350,"Michael, Gagnon",21
351,"Sebastian, Overington",24
352,"Ghaamid, el-Azzam",34
353,"Sierra, Jacquez",44
354,"Taylor, Jiron",31
355,"Joshua, Cumming",35
356,"Cecily, Lee",25
357,"Ryan, Colmenero",28
358,"Larry, Alexander",17
359,"Ghaalib, el-Rahman",34
360,"Anna, Brady",28
361,"Sahel, Wright",31
362,"William, Perez",19
363,"Kamron, Roberts",44
364,"Maclain, Chesson",17
365,"Dalia, Cortez",28
366,"Vicente, Caliz",31
367,"Robyn, Seaboldt",25
368,"Drew, Tafoya",15
369,"Cheyenne, Gleitz",23
370,"Robert, Schale",41
371,"Keenan, Reese",41
372,"Saabiq, al-Guler",17
373,"Brittany, Heideman",34
374,"Rachel, Kabotie",26
375,"Kyle, Krien",36
376,"Joshua, Owens",26
377,"Kia, Quach",30
378,"Derek, Lopez",23
379,"Ameer, al-Sadek",44
380,"Zakiya, Little",23
381,"Eamonn, Garcia-Hruneni",29
382,"Miranda, Jenkins",28
383,"Quiana, Wilt",17
384,"Mujaahida, al-Baddour",22
385,"Erika, Velez",30
386,"Davena, Johnson",15
387,"Fareeda, el-Omer",40
388,"Ghaada, el-Karim",25
389,"Autumn, Colbert",15
390,"Alejandro, Rhoades",29
391,"Tymbree, Andrew",21
392,"Anthony, Bayarsaikhan",43
393,"Ramon, Delgado-Gonzalez",44
394,"Dewarren, Redbird",36
395,"Jarrod, Sena",37
396,"Zainuddeen, al-Neman",45
397,"Marcos, Romero",25
398,"Jess, Ross",44
399,"Liani, Yoo",19
400,"Kabeera, al-Arafat",45
401,"Stephan, Morehouse",44
402,"Suhail, al-Alam",38
403,"Jerae, Marcilla",30
404,"Darwyn, Allen",40
405,"Shawn, Zhang",31
406,"Munjid, al-Salahuddin",31
407,"Taylor, Aquino",40
408,"Jijo, Diller",22
409,"Raabia, el-Kader",17
410,"Dustin, Toney",34
411,"Bianca, Ryan",22
412,"Amber, Union",35
413,"Shadae Lisette, Stroup",28
414,"Warda, al-Abid",30
415,"Mas'ooda, el-Elbaz",41
416,"Si Hien, Huynh",30
417,"Devon, Edwards",17
418,"Thaaqib, el-Jabbar",28
419,"Ishmael, Richardson",40
420,"Kendyl, Harris",31
421,"Arik, Maestas",45
422,"Mario, Noe",45
423,"Arnon, Belstra",31
424,"Sharaf, al-Latif",27
425,"Alec, Lo",34
426,"Regal, Salido",16
427,"Zvi, Maddux",30
428,"Shannon, Lewis",28
429,"Samir, el-Habeeb",19
430,"Mark, Rodriguez",44
431,"Elijah, Castro",23
432,"Wafaaa, al-Kader",38
433,"Stephanie, Wang",45
434,"Joseph, Apodaca",43
435,"Erica, Rajlawat",35
436,"Devin, Rydiger",41
437,"Molly, Virmani",32
438,"Jacob, Koch",44
439,"Sarah, Purcell",43
440,"Oscar, Kesterson",41
441,"T Malcolm, Ntumba",42
442,"Umair, al-Hammad",24
443,"Jacqueline, Crimmel",43
444,"Awda, el-Farid",34
445,"Sherman, Barnes Jr",32
446,"Rachel, Uribe",16
447,"Nicole, Rice",45
448,"Taaliba, el-Aziz",44
449,"Yalitza, Iniguez",18
450,"Humaina, el-Abood",23
451,"Kati, Greimann",29
452,"Anthony, Montoya",16
453,"Israa, al-Mahmood",18
454,"Caitlynn, Kleist",26
455,"Zierra, Wilson",43
456,"Adan, Quintana",32
457,"Tzetzi, Haro-Flores",25
458,"Angela, Whiteskunk",40
459,"Jonah, Hernandez",21
460,"Eva, Ponce Alejandre",41
461,"Aleeya, Ryals",44
462,"Draven, Testerman",18
463,"Brianna, Houser",24
464,"Pedro, Vasquez-Lopez",37
465,"Abdus Samad, el-Masih",26
466,"Brianna, Coleman",30
467,"Jamaica, Baca",16
468,"Francisco, Trujillo",32
469,"Shayla, Galvan",26
470,"Lavelle, Thomas",20
471,"Tyre, Robinson",24
472,"Kory, Johnson",31
473,"Valerie, Osness-Contreras",22
474,"Haajara, al-Rasheed",38
475,"Aaron, Brooks",21
476,"Angelo, Green Jr",28
477,"Richardjake, Isimang",25
478,"Miguel, Manjares",40
479,"Abeer, al-Moghaddam",38
480,"Kevin, Turcios Salgado",24
481,"Tracy, Chi",33
482,"Azeema, al-Hosein",44
483,"Taylor, Gingles",29
484,"Marissa, Tappan",25
485,"Luis, Vasquez",28
486,"Jazlyn, Tindle",24
487,"Kirsten, Bail",29
488,"Mariz, Parker",32
489,"Aminah, Solorzano",15
490,"Chakara, White",37
491,"Dominic, Martinez",45
492,"Rachel, Cook",36
493,"Dante, Estrada",34
494,"Emmanuel, Hoffer",37
495,"Catherine, Mekonnen",43
496,"Gillian, Guenther",44
497,"Mya, Conrad-Buckley",31
498,"Evan, Fejes",39
499,"Alex, Webb",23
500,"Ezequiel, Archuleta",21
501,"Monica, Padilla",18
502,"Fateena, el-Gad",21
503,"Jerraya, Shaw",16
504,"Kasandra, Luna",40
505,"Tirso, Fitch",34
506,"Blake, Livesay",42
507,"Zaeem, Weber",30
508,"Kameel, al-Yousef",27
509,"Kirsten, Kourouklis",34
510,"Asre, Mealey",41
511,"Haleema, al-Abdul",31
512,"Joshua, Walck",21
513,"Johannah, Hering",16
514,"Elliott, Archer",36
515,"Brandy, Nichols",27
516,"Julie, Wood",21
517,"Tiffany, Boucher",38
518,"Numair, al-Awan",18
519,"Angel, Topper",44
520,"Darian, Soriano",17
521,"Katalina, Melendez",31
522,"Shervanna, Moquino",27
523,"Nyaire, Watts",38
524,"Kanesha, Hollowell",18
525,"Andrew, Deruiter",41
526,"Shareefa, al-Ghazal",30
527,"Kamaaluddeen, el-Mansur",22
528,"Joseph Louis, Kairamkonda",17
529,"Osvaldo, Barrios-Munoz",31
530,"Mario, Borunda Villalobos",35
531,"Alison, Del Rosario",37
532,"Pamela, Trujillo",44
533,"Izabel, Anderson",27
534,"Payden, Grigsby",24
535,"Joaquinignacio, Kajiwara",19
536,"Savannah, Novell",41
537,"Aanisa, el-Afzal",16
538,"Jessica, Weaver",24
539,"Yaa, Ware",18
540,"Taariq, el-Sabir",38
541,"Nathan, Arellano",34
542,"Travis, Mahooty",25
543,"Leilani, Pope",16
544,"Jacqueline, Smith",28
545,"Bailey, Dejong",18
546,"Jeffrey, Hans",15
547,"Brandon, Ketchum",28
548,"Taryn, Wade",28
549,"Olivia, Santos",37
550,"Daniel, Solano",20
551,"Sharnell, Rodriguez",35
552,"Darius, Norman",37
553,"Majdiyya, al-Wakim",32
554,"Sara, Longwing",45
555,"Tuong-Vi, Kishi",37
556,"Connor, Geyer",16
557,"Alarie, Arnold",18
558,"Hannah, Zhong",31
559,"Essence, Gunnells",29
560,"Niray, Diggins",41
561,"Jase, Moses",35
562,"Jordan, Clough",37
563,"Kaylee, Rivas",30
564,"Johnnie, Eddy",26
565,"Imani, Osborne",43
566,"Kaili, Punzal",22
567,"Leah, Root",16
568,"Allison, Donner",29
569,"Danielle, Banks",30
570,"Christopher, Benavidez",42
571,"Umaima, el-Alam",31
572,"Irfaan, el-Baten",17
573,"Tashae, Idlett",16
574,"Chaska, Jones",25
575,"Kevin, Montgomery-Ingwersen",15
576,"Karen, Beale",24
577,"Zachery, Kibel",33
578,"Hannah, Lofstedt",44
579,"Edwina, Langley",40
580,"Adrien, Sylvia",41
581,"Muhammad, el-Doud",15
582,"Aarifa, el-Imam",29
583,"Isaiah, Murphy",45
584,"Kenneth, Helkey",32
585,"Kelsey, Roda",18
586,"Lorenzo, Harris",44
587,"Adukis, Roberts",37
588,"D'Razhane, Combs",16
589,"Kawkab, al-Abad",24
590,"Aaron, Hernandez",15
591,"Bailey, Kim",43
592,"Julia, Muraoka",15
593,"Nicholas, Parado Irby",22
594,"Kayleigh, Ames",33
595,"Naseem, al-Shaer",22
596,"Cassidy, Michelson",42
597,"Ian, Sisneros",44
598,"Bader, Bland",37
599,"Jaslyn, Portera",15
600,"Shaana, Lizer",24
601,"Misbaah, el-Suleiman",30
602,"Merissa, Reeder",21
603,"Nawfa, el-Syed",38
604,"Kyran, Tillman",20
605,"Nathan, Jarvis",37
606,"Esteban, Galindo-Gutierrez",36
607,"Adam, Casillas",28
608,"Waajida, el-Hossain",39
609,"Aleksandr, Ray",45
610,"Haili, Elliott",43
611,"Tyrone, Birch",24
612,"Tristin, Watkins",44
613,"Rachel, Grinstead",35
614,"Faraj, al-Anwar",18
615,"Brooke, Velasquez",25
616,"Morgan, Sellers",26
617,"Jerikka, Schweizer",26
618,"Gabriel, Avila",20
619,"Najaat, el-Khalid",42
620,"Kaylyn, Lubofsky",19
621,"Sarah, Turner",37
622,"Sahar, el-Taha",30
623,"Megan, Quick Bear",29
624,"La'Ija, Lucero",43
625,"Dawna, Miloucheva",40
626,"Tawfeeq, el-Hafeez",33
627,"Mazeed, el-Abdelrahman",23
628,"Daniel, Sizemore",42
629,"Keanu, Buckner",15
630,"Mubarak, el-Moghaddam",32
631,"Dhaki, el-Ansari",24
632,"Cheyenne, Zeek",31
633,"Ameen, al-Sheikh",40
634,"Nancy, Claflin",34
635,"Cesar, Jaramillo",32
636,"Tyron, Rodriguez",20
637,"Kameron, Savoy",39
638,"Madison, Gomez Serna",25
639,"Lindsy, Bryant",25
640,"Celestina, Schulz",34
641,"Rabdaa, al-Ismael",21
642,"Vivian, Dybdahl",28
643,"Jose, Serna",36
644,"Kayla, Thorpe",38
645,"Mariah, Brauher",36
646,"Jonathan, Wallace",39
647,"Brett, Hicks",33
648,"Breanna, Jorgensen",20
649,"Sepehr, Thornton",39
650,"Cinnamon, Churchman",38
651,"Armand, Lowry",33
652,"Jeramiah, Pratt",40
653,"Taku, Heu",16
654,"Eric, Palomares",34
655,"Hameeda, el-Hashem",27
656,"Shakevya, Gallegos",26
657,"Shelina, Herrera Rodriguez",29
658,"Madison, Matsumoto",16
659,"Miguelle, Ayala",37
660,"Ariana, Johnson",43
661,"Brian, Myung",42
662,"Gilbert, Pronteau",36
663,"Madison, Bear",20
664,"Ricardo, Carey",30
665,"Joseph, Briseno",39
666,"Coltin, Valdespino",40
667,"Arnulfo, Aragon",29
668,"Donovan, Joe",23
669,"Quintina, Calano",33
670,"Lena, Guy",16
671,"Kaitlan, Uilk",29
672,"Camren, Leonard",44
673,"Shane, Boisselle",22
674,"Saeed, el-Pirani",19
675,"Mara, Esquibel Vandegrift",35
676,"Naugh'Tia, Holland",21
677,"Cassondra, Hansen",32
678,"Amber, Musso",44
679,"Alexander, Peele",31
680,"Kynadee, Taylor",34
681,"Muslim, el-Harron",27
682,"Huy, Fessler",40
683,"Neulyn, Kennon",28
684,"Taylor, Vahsholtz",34
685,"Brok, Garnier",16
686,"Ronnie, Blunck",35
687,"Rajani, Heller",20
688,"Johnathon, Gooding",43
689,"Ashlyn, Tillman",42
690,"Haatim, al-Asad",25
691,"Tamarra, Farrington",25
692,"Unais, al-Fares",37
693,"Ander, Diaz",25
694,"Nadheera, al-Can",43
695,"Calista, Werner",43
696,"Ameena, el-Abdelnour",21
697,"Shaafia, el-Majeed",37
698,"Brittany, Jeute",21
699,"Nishika, Towns",21
700,"Regina, Morales",33
701,"Ellen, Gross",36
702,"Sheldon, Davis",45
703,"Jesse, Platero",24
704,"William, Loomis",30
705,"Kelly, Naranchuluun",44
706,"Muntasir, el-Nour",25
707,"Donald, Lovins",36
708,"Preston, Coen",42
709,"Taneya, Verner",43
710,"Cherokee, Thin-Elk",15
711,"Yaasir, al-Salim",26
712,"Hamna, al-Abdullah",42
713,"Thaamir, el-Abdou",15
714,"Claudia, Gallegos",34
715,"Ibrahim, al-Pirani",19
716,"Tasina, Bentley",31
717,"Christina, Lucero",15
718,"Sumayya, al-Halaby",33
719,"Matthew, Listiadji",16
720,"Jevon, Askew",39
721,"Nafeesa, al-Din",15
722,"Humaira, el-Murad",45
723,"Shatara, Thompson",23
724,"Gabriel, Mayes",45
725,"Linzi, Fleharty",16
726,"Remon, Thames",39
727,"Kincaid, Howell",44
728,"Daisy, Juarez",24
729,"Rashaad, el-Farha",27
730,"Shajee'a, al-Sabet",34
731,"Darrian, Martinez",16
732,"Oyate, Harjo",40
733,"Carlos, Barber",34
734,"Adail, Chacon",37
735,"Aabdeen, el-Bagheri",44
736,"Leticia, Knight",34
737,"Elizabeth, Delgado Almaraz",27
738,"Uriah, Reed",27
739,"Shirelle, Carroll",41
740,"Usaama, al-Kabir",45
741,"Jason, Reilly",27
742,"Cody, Mclean",23
743,"Loryn, Song",26
744,"Dylan, Smyth",17
745,"Xavier, Habimfura",20
746,"Keanu, Lee",27
747,"Omar, Guzman",42
748,"Kasey, Nelson",44
749,"Alawi, el-Ghaffari",45
750,"Renee, Padilla",44
751,"Ashlie, Madsen",37
752,"Alisha, Matthews",30
753,"Ryan, Maldonado",17
754,"John, Chhay",36
755,"Alexander, Mitchell",28
756,"Billye, Blackmore",37
757,"Mariam, Clift",28
758,"Clinton, Hamilton",36
759,"Cherryl May, Tan",28
760,"Jerry, Allen",31
761,"Nohelia, Ironwing",23
762,"Wesley, Smith",33
763,"Anbara, el-Firman",45
764,"Adeeba, el-Malik",44
765,"Vy, Taga",42
766,"Qamraaa, al-Lodi",30
767,"Desiree, Ortiz",35
768,"Destinee, Borden",36
769,"Janelle, Kuck",37
770,"Lindsey, Vick",35
771,"Thomas, Jirsaraie",43
772,"Ronald, Olguin",18
773,"Yisa, Armijo",44
774,"Abdul Baari, al-Ramadan",35
775,"Frank, Stewart",26
776,"Blaine, Gardner",17
777,"Keith, Vishwamitra",28
778,"Brandon, Morales",36
779,"Tonikka, Wiggins",36
780,"Davashunique, Reed Harris",27
781,"Zubair, al-Sultana",44
782,"Kwang, Horton",28
783,"Caleb, Isaac",32
784,"Idrees, al-Salih",24
785,"Rabi, al-Kaber",34
786,"Mamdooh, al-Laham",38
787,"Samantha, Vargas-Lobato",24
788,"Kiley, Timoteo",44
789,"Mariah, Ridge",32
790,"Justine, Johnson",39
791,"Dalton, Deluccio",30
792,"Sukaina, al-Saber",27
793,"Taylor, Halaifonua",26
794,"Mufliha, al-Qadir",40
795,"Duy, Moin",35
796,"Husain, al-Harron",40
797,"Rajab, al-Shakoor",38
798,"Lauren, Davis",45
799,"Keyauja, Parson",23
800,"Teresa, Dyer",41
801,"Rennosuke, Kagiyama",24
802,"Robert, Van",40
803,"Kendra, Farley",34
804,"Sadie, O'Donnell",40
805,"Leander, Lucas",43
806,"Izaak, Tarango Sandoval",24
807,"Kristofer, Simbolon",16
808,"Marcus, Herbst",20
809,"Alan, Rafiq",42
810,"Jeremiah, Howell",39
811,"Taamir, el-Eid",38
812,"Stephen, Alford",16
813,"Brice, Hermosillo",27
814,"Randall, Russell",29
815,"Nabeela, el-Jaffer",32
816,"Toniesha, Barnes",32
817,"Te, Mathys",25
818,"Nikolay, West",21
819,"Jordan, Scarberry",28
820,"Hanaaa, el-Badie",38
821,"Clayton, Toliver",32
822,"Esther, Gozeh",20
823,"Emma, Arnold",16
824,"Gericko, Begaye",30
825,"Cannon, Hensinger II",32
826,"Renysha, Carmon",44
827,"Xiaoyun, Spoerl",36
828,"Jordan, Morton",38
829,"Sabeeka, al-Ghani",23
830,"Kenneth, Lakobong",23
831,"Makiah, Baskin",15
832,"Victoria, Fifita",39
833,"Nameera, al-Moradi",16
834,"Afeef, al-Sarah",32
835,"Hazm, el-Satter",43
836,"Vianney, Montoya-Garcia",43
837,"Melba, Rivera Hernandez",40
838,"Zala, Thach",20
839,"Cody, Dodge",32
840,"Matthan, Hofmann",17
841,"Triniecia, Ward",31
842,"Rey, Barodi",16
843,"Madeleine, Yanda",16
844,"Christina, Cowans",20
845,"Jonae, Talbot",20
846,"Christine, Hulbert",28
847,"Adam, Campbell",41
848,"Sheila, Barron Ramos",15
849,"Jocelin, Wells",40
850,"Dontae, Tilong",39
851,"Ian, Chommala",45
852,"Lolita, Wilson",43
853,"Torey, Moreta",18
854,"Renato, Pasillas",40
855,"Salmaan, al-Mina",34
856,"Chase, Elliott",27
857,"Ulambayar, Ith",29
858,"Baheej, al-Jamail",44
859,"Alex, Zurun",25
860,"Rashaan, Villegas",21
861,"Savion, Gooch",39
862,"Muthanna, el-Assad",37
863,"Jordan, Clark",42
864,"Amelia, Stuemky",41
865,"Jeremy, Evans",40
866,"Hudhaifa, al-Rahaman",36
867,"James, Hobbs",26
868,"Savannah, Zapata",44
869,"Nia, Barree",39
870,"Keziah, Cates",18
871,"Karli, Lucero",17
872,"Reese, Domer",31
873,"Bryanna, Gonzalez Godinez",20
874,"Karla, Ruiz Reyes",16
875,"Almaasa, al-Saleem",43
876,"Glenn, Scholz",45
877,"Caine, Casias",20
878,"Marriah, Welsh",29
879,"Jazmin, Saunders",28
880,"Romano, Goens",22
881,"Shameema, el-Ali",17
882,"Bradley, Henderson",37
883,"Robert, Blaze",22
884,"Deonte, Gothard",22
885,"Luke, Leyba-Bush",20
886,"Musaddiq, el-Sharif",40
887,"Eugene, Ellis",34
888,"Mia, Arevalo",25
889,"Huwaida, el-Bey",36
890,"Nickolas, Berry",18
891,"Bryan, Muchmore",25
892,"Najiyya, al-Mustafa",39
893,"Persephone, Dickinson",34
894,"Quentin, Christiansen",38
895,"Juan, Wilson",37
896,"Shawn, Saathoff",40
897,"Ana, Delgado",18
898,"Atif, Vu",31
899,"Lance, Skinner",18
900,"Natalie, Alejandro",34
901,"Serenity, Palomino-Pedroza",17
902,"Ashton, Daniels",15
903,"Ivan, Bonilla",29
904,"Joe, Turner",30
905,"Phanesha, Cannell",16
906,"Yesenia, Rios",32
907,"Chloe, Liam",43
908,"Pete, Scheltinga",34
909,"Robert, Stallworth",25
910,"Kelli, Benson",39
911,"Khawla, al-Rassi",15
912,"Jason, O'Hanlon",27
913,"Henry, Mohedano",15
914,"Brandon, Carter",45
915,"Parris, Mukes",34
916,"Faseeha, el-Shahin",40
917,"Calvin, Phan",17
918,"Andres, Zuniga Brito",34
919,"Noelle, D'Amour",26
920,"Muammar, el-Farran",30
921,"Nikhilesh, Drozdowski",15
922,"Megha, Maka Jr",37
923,"Raafi, al-Shariff",16
924,"Shayna, Harper",18
925,"Isaiah, Pendleton",40
926,"Sean, Ingoldby",36
927,"Sumbula, el-Arshad",19
928,"Angelique, Bruno",33
929,"Aaish, al-Mohammad",45
930,"Cassandra, Patrick",17
931,"Katrina, Doan",16
932,"Angel-Danielle, Sentino",22
933,"Courtney, Palmer",34
934,"April, Hernandez Garcia",40
935,"Chandler, Phelps",24
936,"Daylamae, Nicholas",45
937,"Jubair, al-Aly",39
938,"Brandon, Patton",37
939,"Purna, Wu",19
940,"Reechik, Chan",33
941,"Cyra, Castillo",19
942,"Ryana, Shimpa",36
943,"Tyler, George",18
944,"Tyler, Ford",29
945,"Ghretta, Rice",17
946,"Johnathan, Boykins",29
947,"Rachael, Clark",21
948,"Danessa, Aguilera Carrera",29
949,"Long, Prim",39
950,"Leon, Gold",38
951,"Carlos, Cano",36
952,"Madisen, Wright",16
953,"Hanlala, el-Ashraf",25
954,"Niki, Murray",22
955,"Sabrina, Orozco",34
956,"Gina, Mckinzie",16
957,"Shameem, al-Nazir",32
958,"Mitchell, Mendez Benitez",36
959,"Fernando, Paredes",33
960,"Marquarius, Pregnon",28
961,"Maazin, al-Zadeh",24
962,"Fardowsa, Perry",17
963,"Saabir, el-Naim",16
964,"Julia, Culpepper",20
965,"Cam Tu, Dessau",35
966,"Aimee, Humphreys",25
967,"Siraaj, al-Jamil",45
968,"Jaime, Chavez",26
969,"Jam,Aan, al-Bashara",32
970,"Marshall, Monson",44
971,"Airielle, Blue",21
972,"Gregorio, Medel",27
973,"Rahma, el-Can",27
974,"Abrah, Wolday",25
975,"Teran, Bowman",38
976,"Dominic, Larios",27
977,"Diana, Cornejo",35
978,"Adric, Dennison",28
979,"Danyelle, Byrnes",24
980,"Cameron, Jackson",30
981,"Macie, Aqeel",27
982,"Kesang, Greer",35
983,"Shirley, Ramos",15
984,"Jason, Enriquez",39
985,"Michell, Westphal",21
986,"Shannon, Ferrin",17
987,"Benjamin, Diedrich",44
988,"Shaionnie, Arnold",30
989,"Sultana, al-Koroma",24
990,"Mckenzy, Mason",31
991,"Jordan, Baumgarten",15
992,"Jayda, Byrd",18
993,"Imraan, el-Mousa",42
994,"Mequila, Greene",42
995,"Delorian, Sauls",39
996,"Kyle, Copeland",40
997,"Erica, Foote",36
998,"Gisselle, Medrano",16
999,"Alanna, Jacket",16
1000,"Fikriyya, al-Salama",19
